year,uf_name,born_alive,uf,age_group,pop,region_code,region_name,birth_rate
2000,Acre,15228,12,Total,292868,1,Norte,51.99612111941216
2000,Alagoas,65763,27,Total,1414036,2,Nordeste,46.507302501492184
2000,Amapá,14238,16,Total,247697,1,Norte,57.48151976002939
2000,Amazonas,67646,13,Total,1439270,1,Norte,47.00021538696701
2000,Bahia,239530,29,Total,6621913,2,Nordeste,36.172326637332745
2000,Ceará,143393,23,Total,3721424,2,Nordeste,38.53175558603373
2000,Distrito Federal,47991,53,Total,1000555,5,Centro-Oeste,47.96437976922808
2000,Espírito Santo,58380,32,Total,1570468,3,Suldeste,37.17363231851907
2000,Goiás,94746,52,Total,2554866,5,Centro-Oeste,37.08452811223759
2000,Maranhão,100811,21,Total,2906040,2,Nordeste,34.69016255798268
2000,Mato Grosso,49478,51,Total,1318812,5,Centro-Oeste,37.5170987221833
2000,Mato Grosso do Sul,40490,50,Total,1066702,5,Centro-Oeste,37.95811763735326
2000,Minas Gerais,300958,31,Total,9070487,3,Suldeste,33.17991635950749
2000,Paraná,179462,41,Total,4838830,4,Sul,37.08789108110845
2000,Paraíba,57427,25,Total,1714679,2,Nordeste,33.4913998480182
2000,Pará,126340,15,Total,3214366,1,Norte,39.304796031316904
2000,Pernambuco,163405,26,Total,3923177,2,Nordeste,41.651192388209864
2000,Piauí,58615,22,Total,1440145,2,Nordeste,40.70076277041548
2000,Rio Grande do Norte,56444,24,Total,1397095,2,Nordeste,40.40097488001889
2000,Rio Grande do Sul,176719,43,Total,5086392,4,Sul,34.743488114954566
2000,Rio de Janeiro,259118,33,Total,7066424,3,Suldeste,36.66890070564687
2000,Rondônia,31307,11,Total,721059,1,Norte,43.41808367969889
2000,Roraima,9744,14,Total,170732,1,Norte,57.07190216245343
2000,Santa Catarina,94828,42,Total,2731578,4,Sul,34.715464833879906
2000,Sergipe,40716,28,Total,899026,2,Nordeste,45.28901277604874
2000,São Paulo,687779,35,Total,18475518,3,Suldeste,37.226506991576635
2000,Tocantins,26205,17,Total,609131,1,Norte,43.02030269350928
2001,Acre,14899,12,Total,302070,1,Norte,49.32300460158241
2001,Alagoas,67805,27,Total,1431652,2,Nordeste,47.361369941857376
2001,Amapá,14609,16,Total,257995,1,Norte,56.62512839396112
2001,Amazonas,70252,13,Total,1476003,1,Norte,47.59610922200022
2001,Bahia,235725,29,Total,6679714,2,Nordeste,35.28968455835085
2001,Ceará,149067,23,Total,3778811,2,Nordeste,39.448122703146574
2001,Distrito Federal,46891,53,Total,1028026,5,Centro-Oeste,45.6126596019945
2001,Espírito Santo,57092,32,Total,1593106,3,Suldeste,35.836912295854766
2001,Goiás,92979,52,Total,2606777,5,Centro-Oeste,35.66818335438743
2001,Maranhão,108527,21,Total,2951116,2,Nordeste,36.77490142712113
2001,Mato Grosso,47575,51,Total,1345915,5,Centro-Oeste,35.34770026338959
2001,Mato Grosso do Sul,40070,50,Total,1085172,5,Centro-Oeste,36.92502202415838
2001,Minas Gerais,298538,31,Total,9170239,3,Suldeste,32.555094801782154
2001,Paraná,167270,41,Total,4890726,4,Sul,34.201466203586136
2001,Paraíba,64957,25,Total,1733048,2,Nordeste,37.481362316565956
2001,Pará,134742,15,Total,3288835,1,Norte,40.969522642516274
2001,Pernambuco,164104,26,Total,3970220,2,Nordeste,41.33372961699855
2001,Piauí,58588,22,Total,1458391,2,Nordeste,40.173040014646276
2001,Rio Grande do Norte,53526,24,Total,1418220,2,Nordeste,37.741676185641154
2001,Rio Grande do Sul,160590,43,Total,5123207,4,Sul,31.34560051936219
2001,Rio de Janeiro,242360,33,Total,7149393,3,Suldeste,33.899381388042315
2001,Rondônia,28236,11,Total,732809,1,Norte,38.531186161742006
2001,Roraima,9600,14,Total,176925,1,Norte,54.26027977956761
2001,Santa Catarina,88097,42,Total,2777089,4,Sul,31.7227859820121
2001,Sergipe,39842,28,Total,913730,2,Nordeste,43.60369036805183
2001,São Paulo,632483,35,Total,18713060,3,Suldeste,33.799015233211456
2001,Tocantins,27050,17,Total,620565,1,Norte,43.58930974192872
2002,Acre,15841,12,Total,311385,1,Norte,50.87271384299179
2002,Alagoas,64457,27,Total,1448506,2,Nordeste,44.49895271403778
2002,Amapá,14196,16,Total,268167,1,Norte,52.937162290662165
2002,Amazonas,70671,13,Total,1511272,1,Norte,46.76259468844788
2002,Bahia,237375,29,Total,6731893,2,Nordeste,35.261255637901556
2002,Ceará,143242,23,Total,3833161,2,Nordeste,37.36915824824472
2002,Distrito Federal,45799,53,Total,1055017,5,Centro-Oeste,43.410674899077456
2002,Espírito Santo,55076,32,Total,1614518,3,Suldeste,34.11296746149625
2002,Goiás,93897,52,Total,2658452,5,Centro-Oeste,35.320178810826754
2002,Maranhão,117917,21,Total,2992741,2,Nordeste,39.40100396258814
2002,Mato Grosso,47564,51,Total,1372425,5,Centro-Oeste,34.656902927300216
2002,Mato Grosso do Sul,39933,50,Total,1102922,5,Centro-Oeste,36.2065495112075
2002,Minas Gerais,284558,31,Total,9260595,3,Suldeste,30.727831203070647
2002,Paraná,165125,41,Total,4937349,4,Sul,33.444060770263555
2002,Paraíba,64006,25,Total,1750364,2,Nordeste,36.56725115461698
2002,Pará,136000,15,Total,3361835,1,Norte,40.454097241536246
2002,Pernambuco,156053,26,Total,4013997,2,Nordeste,38.87720892666337
2002,Piauí,56332,22,Total,1474764,2,Nordeste,38.197298008359304
2002,Rio Grande do Norte,53250,24,Total,1438254,2,Nordeste,37.02405833740077
2002,Rio Grande do Sul,155261,43,Total,5153700,4,Sul,30.126122979606883
2002,Rio de Janeiro,232232,33,Total,7225815,3,Suldeste,32.139211978164404
2002,Rondônia,29236,11,Total,743636,1,Norte,39.314933650334304
2002,Roraima,8990,14,Total,182985,1,Norte,49.129710085526135
2002,Santa Catarina,85730,42,Total,2820125,4,Sul,30.399361730419752
2002,Sergipe,37085,28,Total,927116,2,Nordeste,40.00038830092459
2002,São Paulo,623302,35,Total,18935410,3,Suldeste,32.91726981353982
2002,Tocantins,26274,17,Total,631782,1,Norte,41.5871297377893
2003,Acre,15986,12,Total,320730,1,Norte,49.84254669036261
2003,Alagoas,63032,27,Total,1464283,2,Nordeste,43.04632369562441
2003,Amapá,14764,16,Total,278384,1,Norte,53.03465716420484
2003,Amazonas,70751,13,Total,1545599,1,Norte,45.77578013443332
2003,Bahia,239017,29,Total,6781399,2,Nordeste,35.245972106935454
2003,Ceará,140083,23,Total,3884283,2,Nordeste,36.064056094779914
2003,Distrito Federal,46097,53,Total,1081732,5,Centro-Oeste,42.614067070217025
2003,Espírito Santo,53417,32,Total,1635534,3,Suldeste,32.66028098468146
2003,Goiás,92081,52,Total,2709414,5,Centro-Oeste,33.98557769318384
2003,Maranhão,127920,21,Total,3038320,2,Nordeste,42.10221438163195
2003,Mato Grosso,48539,51,Total,1399073,5,Centro-Oeste,34.693686462393316
2003,Mato Grosso do Sul,39248,50,Total,1120870,5,Centro-Oeste,35.015657480350086
2003,Minas Gerais,284904,31,Total,9345167,3,Suldeste,30.486774607666188
2003,Paraná,157333,41,Total,4979970,4,Sul,31.593162207804465
2003,Paraíba,64115,25,Total,1766476,2,Nordeste,36.295426600757665
2003,Pará,144812,15,Total,3434350,1,Norte,42.165766447799435
2003,Pernambuco,151677,26,Total,4056640,2,Nordeste,37.38981028634535
2003,Piauí,55105,22,Total,1488803,2,Nordeste,37.012956045897276
2003,Rio Grande do Norte,52312,24,Total,1457721,2,Nordeste,35.88615379760599
2003,Rio Grande do Sul,149165,43,Total,5180286,4,Sul,28.794742220796305
2003,Rio de Janeiro,232255,33,Total,7299715,3,Suldeste,31.816995595033504
2003,Rondônia,28809,11,Total,753639,1,Norte,38.226524901179474
2003,Roraima,10160,14,Total,189090,1,Norte,53.73102755301708
2003,Santa Catarina,83177,42,Total,2862103,4,Sul,29.061497786767283
2003,Sergipe,36884,28,Total,940165,2,Nordeste,39.231411507554526
2003,São Paulo,610555,35,Total,19150096,3,Suldeste,31.88260779475988
2003,Tocantins,26053,17,Total,643081,1,Norte,40.51278143810811
2004,Acre,16584,12,Total,329900,1,Norte,50.26977872082449
2004,Alagoas,59258,27,Total,1478625,2,Nordeste,40.07642235184716
2004,Amapá,13971,16,Total,288454,1,Norte,48.43406574358477
2004,Amazonas,71345,13,Total,1578994,1,Norte,45.18383223748792
2004,Bahia,234454,29,Total,6826922,2,Nordeste,34.34256316389729
2004,Ceará,137335,23,Total,3932585,2,Nordeste,34.92232208585447
2004,Distrito Federal,45593,53,Total,1108211,5,Centro-Oeste,41.14108233901306
2004,Espírito Santo,53243,32,Total,1656251,3,Suldeste,32.14669757180524
2004,Goiás,91231,52,Total,2759156,5,Centro-Oeste,33.06482127143228
2004,Maranhão,126518,21,Total,3084610,2,Nordeste,41.015882072612094
2004,Mato Grosso,51205,51,Total,1426292,5,Centro-Oeste,35.900783289817234
2004,Mato Grosso do Sul,41567,50,Total,1139022,5,Centro-Oeste,36.49358835913617
2004,Minas Gerais,277691,31,Total,9425225,3,Suldeste,29.462532724682966
2004,Paraná,159636,41,Total,5019728,4,Sul,31.801723121252785
2004,Paraíba,62200,25,Total,1781720,2,Nordeste,34.91008688233841
2004,Pará,142894,15,Total,3506355,1,Norte,40.75286158988465
2004,Pernambuco,149631,26,Total,4098414,2,Nordeste,36.509488792493876
2004,Piauí,54747,22,Total,1501791,2,Nordeste,36.45447335880958
2004,Rio Grande do Norte,50805,24,Total,1476636,2,Nordeste,34.405906398056125
2004,Rio Grande do Sul,153015,43,Total,5205898,4,Sul,29.3926235204762
2004,Rio de Janeiro,229901,33,Total,7373266,3,Suldeste,31.18034803030299
2004,Rondônia,28927,11,Total,763279,1,Norte,37.89833075454716
2004,Roraima,9742,14,Total,195436,1,Norte,49.84752041589062
2004,Santa Catarina,85475,42,Total,2904355,4,Sul,29.429942276340185
2004,Sergipe,35827,28,Total,952888,2,Nordeste,37.59833264769836
2004,São Paulo,618080,35,Total,19363768,3,Suldeste,31.919407421117626
2004,Tocantins,25673,17,Total,654167,1,Norte,39.24533032085079
2005,Acre,17482,12,Total,339242,1,Norte,51.53253429705048
2005,Alagoas,60662,27,Total,1492164,2,Nordeste,40.65370830552138
2005,Amapá,14205,16,Total,298183,1,Norte,47.638530700945395
2005,Amazonas,73488,13,Total,1613223,1,Norte,45.5535285574282
2005,Bahia,231065,29,Total,6868204,2,Nordeste,33.64271067079545
2005,Ceará,140035,23,Total,3980801,2,Nordeste,35.17759365514629
2005,Distrito Federal,45917,53,Total,1134740,5,Centro-Oeste,40.46477607205175
2005,Espírito Santo,52399,32,Total,1676448,3,Suldeste,31.25596499265113
2005,Goiás,91556,52,Total,2808083,5,Centro-Oeste,32.604449369908224
2005,Maranhão,130266,21,Total,3130070,2,Nordeste,41.61759960639858
2005,Mato Grosso,52410,51,Total,1454452,5,Centro-Oeste,36.03419019672014
2005,Mato Grosso do Sul,41424,50,Total,1157136,5,Centro-Oeste,35.798730659144645
2005,Minas Gerais,277468,31,Total,9501633,3,Suldeste,29.202138200875577
2005,Paraná,160323,41,Total,5059587,4,Sul,31.68697366010309
2005,Paraíba,64294,25,Total,1796789,2,Nordeste,35.78272128780842
2005,Pará,145539,15,Total,3577303,1,Norte,40.68400132725687
2005,Pernambuco,152095,26,Total,4139324,2,Nordeste,36.743922437576764
2005,Piauí,56866,22,Total,1514800,2,Nordeste,37.540269342487456
2005,Rio Grande do Norte,52330,24,Total,1495802,2,Nordeste,34.98457683570419
2005,Rio Grande do Sul,147199,43,Total,5230889,4,Sul,28.1403409630753
2005,Rio de Janeiro,223094,33,Total,7444865,3,Suldeste,29.96615788197637
2005,Rondônia,28081,11,Total,772743,1,Norte,36.33937803383531
2005,Roraima,9694,14,Total,201592,1,Norte,48.08722568355887
2005,Santa Catarina,84584,42,Total,2947305,4,Sul,28.69876039296917
2005,Sergipe,37370,28,Total,965434,2,Nordeste,38.70798003799327
2005,São Paulo,618880,35,Total,19577961,3,Suldeste,31.611054899945913
2005,Tocantins,26368,17,Total,665232,1,Norte,39.63729946845612
2006,Acre,16448,12,Total,348616,1,Norte,47.180852284461984
2006,Alagoas,57510,27,Total,1505195,2,Nordeste,38.20767408873933
2006,Amapá,14714,16,Total,308045,1,Norte,47.765748510769534
2006,Amazonas,75584,13,Total,1648471,1,Norte,45.850973417184775
2006,Bahia,220187,29,Total,6904479,2,Nordeste,31.89045835319363
2006,Ceará,135020,23,Total,4028695,2,Nordeste,33.51457481889297
2006,Distrito Federal,45152,53,Total,1161464,5,Centro-Oeste,38.87507490546414
2006,Espírito Santo,51449,32,Total,1695997,3,Suldeste,30.335548942598365
2006,Goiás,87483,52,Total,2856003,5,Centro-Oeste,30.63127034530426
2006,Maranhão,127724,21,Total,3175078,2,Nordeste,40.227043241142425
2006,Mato Grosso,49522,51,Total,1482331,5,Centro-Oeste,33.408192906982315
2006,Mato Grosso do Sul,39515,50,Total,1174799,5,Centro-Oeste,33.63554105851299
2006,Minas Gerais,266143,31,Total,9573944,3,Suldeste,27.79867941571415
2006,Paraná,153598,41,Total,5098371,4,Sul,30.126877781157944
2006,Paraíba,60232,25,Total,1811439,2,Nordeste,33.25091267219045
2006,Pará,150202,15,Total,3648433,1,Norte,41.168907308973466
2006,Pernambuco,146108,26,Total,4179862,2,Nordeste,34.955221009688834
2006,Piauí,55342,22,Total,1527153,2,Nordeste,36.238674186541886
2006,Rio Grande do Norte,48122,24,Total,1514640,2,Nordeste,31.771245972640365
2006,Rio Grande do Sul,141331,43,Total,5252453,4,Sul,26.90761821190975
2006,Rio de Janeiro,218435,33,Total,7513889,3,Suldeste,29.070831363093067
2006,Rondônia,24925,11,Total,781899,1,Norte,31.877518707659174
2006,Roraima,9592,14,Total,207707,1,Norte,46.18043686539212
2006,Santa Catarina,84133,42,Total,2989625,4,Sul,28.141656562277877
2006,Sergipe,37061,28,Total,978145,2,Nordeste,37.88906552709465
2006,São Paulo,603368,35,Total,19786752,3,Suldeste,30.493534259690524
2006,Tocantins,26028,17,Total,676501,1,Norte,38.47444423585479
2007,Acre,16183,12,Total,357802,1,Norte,45.22892549510623
2007,Alagoas,57406,27,Total,1517103,2,Nordeste,37.839223836483086
2007,Amapá,14425,16,Total,317853,1,Norte,45.382613975642826
2007,Amazonas,73469,13,Total,1683822,1,Norte,43.63228417255505
2007,Bahia,220398,29,Total,6936820,2,Nordeste,31.772195328695283
2007,Ceará,133839,23,Total,4074648,2,Nordeste,32.846763695906986
2007,Distrito Federal,44098,53,Total,1187756,5,Centro-Oeste,37.12715406194538
2007,Espírito Santo,51020,32,Total,1714878,3,Suldeste,29.751387562263904
2007,Goiás,85159,52,Total,2901886,5,Centro-Oeste,29.346087337683148
2007,Maranhão,127307,21,Total,3217627,2,Nordeste,39.56549345216211
2007,Mato Grosso,47382,51,Total,1508708,5,Centro-Oeste,31.405679561585146
2007,Mato Grosso do Sul,38621,50,Total,1191439,5,Centro-Oeste,32.41542370192683
2007,Minas Gerais,259505,31,Total,9640162,3,Suldeste,26.91915343331367
2007,Paraná,147554,41,Total,5133959,4,Sul,28.74078269810881
2007,Paraíba,59456,25,Total,1824733,2,Nordeste,32.58339713262159
2007,Pará,150147,15,Total,3718202,1,Norte,40.38161455456159
2007,Pernambuco,143095,26,Total,4218665,2,Nordeste,33.91949822989026
2007,Piauí,53214,22,Total,1538292,2,Nordeste,34.59291213891771
2007,Rio Grande do Norte,48072,24,Total,1532242,2,Nordeste,31.37363419094373
2007,Rio Grande do Sul,133401,43,Total,5269866,4,Sul,25.313926388261105
2007,Rio de Janeiro,216876,33,Total,7581498,3,Suldeste,28.605956237144692
2007,Rondônia,22996,11,Total,790500,1,Norte,29.09044908285895
2007,Roraima,9582,14,Total,214011,1,Norte,44.773399498156635
2007,Santa Catarina,81903,42,Total,3030524,4,Sul,27.026019262675366
2007,Sergipe,35801,28,Total,990340,2,Nordeste,36.150211038633195
2007,São Paulo,595408,35,Total,19989516,3,Suldeste,29.786013828448873
2007,Tocantins,25011,17,Total,687205,1,Norte,36.395253235933964
2008,Acre,17994,12,Total,367038,1,Norte,49.02489660471123
2008,Alagoas,58076,27,Total,1528789,2,Nordeste,37.98823774896339
2008,Amapá,15105,16,Total,327762,1,Norte,46.08526918922877
2008,Amazonas,75030,13,Total,1719400,1,Norte,43.63731534256136
2008,Bahia,221700,29,Total,6967938,2,Nordeste,31.81716025601835
2008,Ceará,133917,23,Total,4119576,2,Nordeste,32.507471642712744
2008,Distrito Federal,44173,53,Total,1213806,5,Centro-Oeste,36.3921417425849
2008,Espírito Santo,51852,32,Total,1734145,3,Suldeste,29.90061384716964
2008,Goiás,87462,52,Total,2947166,5,Centro-Oeste,29.67664529246062
2008,Maranhão,128302,21,Total,3258302,2,Nordeste,39.37695155329371
2008,Mato Grosso,49794,51,Total,1534664,5,Centro-Oeste,32.44619017583002
2008,Mato Grosso do Sul,41229,50,Total,1208481,5,Centro-Oeste,34.11638246691508
2008,Minas Gerais,260916,31,Total,9704734,3,Suldeste,26.88543549982926
2008,Paraná,151092,41,Total,5168841,4,Sul,29.2313112359231
2008,Paraíba,61964,25,Total,1837553,2,Nordeste,33.72093213093718
2008,Pará,151262,15,Total,3786729,1,Norte,39.945293154065155
2008,Pernambuco,145195,26,Total,4257408,2,Nordeste,34.10408398725234
2008,Piauí,52664,22,Total,1548397,2,Nordeste,34.01194913190868
2008,Rio Grande do Norte,49817,24,Total,1549765,2,Nordeste,32.14487357760693
2008,Rio Grande do Sul,135143,43,Total,5285956,4,Sul,25.566425448868664
2008,Rio de Janeiro,215844,33,Total,7649276,3,Suldeste,28.217572486598733
2008,Rondônia,26791,11,Total,798753,1,Norte,33.54103208376056
2008,Roraima,10103,14,Total,220414,1,Norte,45.83647136751749
2008,Santa Catarina,85262,42,Total,3071392,4,Sul,27.760051468519812
2008,Sergipe,36633,28,Total,1002267,2,Nordeste,36.55014083073672
2008,São Paulo,601795,35,Total,20193887,3,Suldeste,29.80085012855623
2008,Tocantins,25713,17,Total,697628,1,Norte,36.85775226911764
2009,Acre,16892,12,Total,376061,1,Norte,44.918244646480225
2009,Alagoas,55471,27,Total,1539548,2,Nordeste,36.030705116047045
2009,Amapá,14298,16,Total,337907,1,Norte,42.31341759714951
2009,Amazonas,75729,13,Total,1755127,1,Norte,43.14730500983689
2009,Bahia,217727,29,Total,6997100,2,Nordeste,31.11674836718069
2009,Ceará,131393,23,Total,4163142,2,Nordeste,31.561018096428132
2009,Distrito Federal,43932,53,Total,1239862,5,Centro-Oeste,35.432975605349625
2009,Espírito Santo,51457,32,Total,1753673,3,Suldeste,29.34241446381395
2009,Goiás,87485,52,Total,2991951,5,Centro-Oeste,29.240117903000417
2009,Maranhão,123635,21,Total,3295187,2,Nordeste,37.51987368243441
2009,Mato Grosso,48477,51,Total,1560953,5,Centro-Oeste,31.05602795215487
2009,Mato Grosso do Sul,40274,50,Total,1226110,5,Centro-Oeste,32.84697131578733
2009,Minas Gerais,252676,31,Total,9767865,3,Suldeste,25.868088881244777
2009,Paraná,149217,41,Total,5204091,4,Sul,28.673018976801135
2009,Paraíba,60021,25,Total,1849875,2,Nordeste,32.44597607946483
2009,Pará,143140,15,Total,3853019,1,Norte,37.15008931956993
2009,Pernambuco,141815,26,Total,4296031,2,Nordeste,33.01070220396454
2009,Piauí,50996,22,Total,1557265,2,Nordeste,32.747156071702634
2009,Rio Grande do Norte,48931,24,Total,1567418,2,Nordeste,31.21758203618945
2009,Rio Grande do Sul,133652,43,Total,5302245,4,Sul,25.20668132083674
2009,Rio de Janeiro,216625,33,Total,7717780,3,Suldeste,28.068304616094267
2009,Rondônia,26083,11,Total,806701,1,Norte,32.332921367396345
2009,Roraima,9673,14,Total,226829,1,Norte,42.64445904183327
2009,Santa Catarina,83489,42,Total,3112712,4,Sul,26.821948191801877
2009,Sergipe,35109,28,Total,1013948,2,Nordeste,34.626036049185956
2009,São Paulo,598473,35,Total,20401082,3,Suldeste,29.33535584044023
2009,Tocantins,24911,17,Total,707996,1,Norte,35.185227035180986
2010,Acre,16495,12,Total,384406,1,Norte,42.91036040020187
2010,Alagoas,54164,27,Total,1549231,2,Nordeste,34.961861723655154
2010,Amapá,15008,16,Total,347935,1,Norte,43.13449351171914
2010,Amazonas,74188,13,Total,1789736,1,Norte,41.4519236356647
2010,Bahia,212201,29,Total,7022591,2,Nordeste,30.21690996955397
2010,Ceará,128831,23,Total,4204905,2,Nordeste,30.63826650067005
2010,Distrito Federal,44251,53,Total,1265715,5,Centro-Oeste,34.96126695188095
2010,Espírito Santo,51853,32,Total,1772936,3,Suldeste,29.246966613572063
2010,Goiás,87476,52,Total,3035871,5,Centro-Oeste,28.814136042012326
2010,Maranhão,119566,21,Total,3329311,2,Nordeste,35.91313638167176
2010,Mato Grosso,48929,51,Total,1586508,5,Centro-Oeste,30.8406891109279
2010,Mato Grosso do Sul,40132,50,Total,1243373,5,Centro-Oeste,32.2767182494714
2010,Minas Gerais,255125,31,Total,9828254,3,Suldeste,25.958323828423644
2010,Paraná,152051,41,Total,5238772,4,Sul,29.024168259279083
2010,Paraíba,58699,25,Total,1861223,2,Nordeste,31.537865156405225
2010,Pará,140687,15,Total,3915560,1,Norte,35.93023730960578
2010,Pernambuco,136591,26,Total,4332527,2,Nordeste,31.52686642229812
2010,Piauí,49424,22,Total,1565436,2,Nordeste,31.57203488357237
2010,Rio Grande do Norte,47668,24,Total,1584137,2,Nordeste,30.09083179043227
2010,Rio Grande do Sul,133243,43,Total,5317544,4,Sul,25.057244472260127
2010,Rio de Janeiro,215262,33,Total,7785937,3,Suldeste,27.64753940341413
2010,Rondônia,25835,11,Total,814371,1,Norte,31.723870324459
2010,Roraima,9738,14,Total,233153,1,Norte,41.76656530261245
2010,Santa Catarina,84611,42,Total,3153624,4,Sul,26.829767911456788
2010,Sergipe,34016,28,Total,1024952,2,Nordeste,33.18789562828308
2010,São Paulo,601353,35,Total,20607272,3,Suldeste,29.181591818655086
2010,Tocantins,24471,17,Total,717988,1,Norte,34.08274232995537
2011,Acre,17817,12,Total,390823,1,Norte,45.58841214565161
2011,Alagoas,54281,27,Total,1556086,2,Nordeste,34.88303345701973
2011,Amapá,15114,16,Total,356510,1,Norte,42.394322739895095
2011,Amazonas,76202,13,Total,1821875,1,Norte,41.826140651801026
2011,Bahia,215032,29,Total,7049794,2,Nordeste,30.501884168530314
2011,Ceará,128592,23,Total,4230639,2,Nordeste,30.395408353206218
2011,Distrito Federal,43465,53,Total,1286158,5,Centro-Oeste,33.79444827151874
2011,Espírito Santo,53053,32,Total,1795501,3,Suldeste,29.54774182804688
2011,Goiás,89742,52,Total,3086197,5,Centro-Oeste,29.07850665398223
2011,Maranhão,121109,21,Total,3348706,2,Nordeste,36.165910056003725
2011,Mato Grosso,51218,51,Total,1605262,5,Centro-Oeste,31.906318096360593
2011,Mato Grosso do Sul,42152,50,Total,1258190,5,Centro-Oeste,33.50209427828865
2011,Minas Gerais,259863,31,Total,9896288,3,Suldeste,26.25863354017183
2011,Paraná,152902,41,Total,5278327,4,Sul,28.96789077296651
2011,Paraíba,58741,25,Total,1869634,2,Nordeste,31.418448744513633
2011,Pará,141974,15,Total,3963990,1,Norte,35.81593293625867
2011,Pernambuco,140079,26,Total,4359961,2,Nordeste,32.12849839711869
2011,Piauí,50144,22,Total,1568513,2,Nordeste,31.96913254783352
2011,Rio Grande do Norte,48101,24,Total,1598982,2,Nordeste,30.082264841005088
2011,Rio Grande do Sul,137710,43,Total,5340181,4,Sul,25.787515441892324
2011,Rio de Janeiro,220603,33,Total,7834418,3,Suldeste,28.158186096274157
2011,Rondônia,27658,11,Total,823690,1,Norte,33.57816654323835
2011,Roraima,9945,14,Total,238427,1,Norte,41.71088005972478
2011,Santa Catarina,87481,42,Total,3197284,4,Sul,27.361035178607843
2011,Sergipe,34925,28,Total,1034909,2,Nordeste,33.74692847390447
2011,São Paulo,610222,35,Total,20805607,3,Suldeste,29.329689828323684
2011,Tocantins,25035,17,Total,726648,1,Norte,34.452719886382404
2012,Acre,16700,12,Total,397432,1,Norte,42.019766903520605
2012,Alagoas,52510,27,Total,1562624,2,Nordeste,33.60373320773263
2012,Amapá,14895,16,Total,364765,1,Norte,40.83450988992913
2012,Amazonas,77434,13,Total,1854683,1,Norte,41.750530953268026
2012,Bahia,209999,29,Total,7075932,2,Nordeste,29.67792793938664
2012,Ceará,126868,23,Total,4255660,2,Nordeste,29.81159209147347
2012,Distrito Federal,43497,53,Total,1306250,5,Centro-Oeste,33.29913875598086
2012,Espírito Santo,52835,32,Total,1818188,3,Suldeste,29.059151198885925
2012,Goiás,93274,52,Total,3136265,5,Centro-Oeste,29.740471548163182
2012,Maranhão,116039,21,Total,3365800,2,Nordeste,34.47590468833561
2012,Mato Grosso,51256,51,Total,1624000,5,Centro-Oeste,31.561576354679804
2012,Mato Grosso do Sul,42252,50,Total,1273340,5,Centro-Oeste,33.182025224998824
2012,Minas Gerais,260544,31,Total,9964508,3,Suldeste,26.1472016480894
2012,Paraná,153945,41,Total,5317484,4,Sul,28.950721807531533
2012,Paraíba,56770,25,Total,1876227,2,Nordeste,30.257532803866482
2012,Pará,137837,15,Total,4010819,1,Norte,34.36629775614407
2012,Pernambuco,141382,26,Total,4389019,2,Nordeste,32.21266529035304
2012,Piauí,47962,22,Total,1571343,2,Nordeste,30.522934839815367
2012,Rio Grande do Norte,46993,24,Total,1613743,2,Nordeste,29.120498121448087
2012,Rio Grande do Sul,138941,43,Total,5364226,4,Sul,25.901406838563474
2012,Rio de Janeiro,222859,33,Total,7884719,3,Suldeste,28.264672463279922
2012,Rondônia,26513,11,Total,833047,1,Norte,31.826535597631345
2012,Roraima,10601,14,Total,243716,1,Norte,43.49734937386138
2012,Santa Catarina,88772,42,Total,3241493,4,Sul,27.38614582848089
2012,Sergipe,34108,28,Total,1044738,2,Nordeste,32.64741973585722
2012,São Paulo,616608,35,Total,21006793,3,Suldeste,29.352790785342627
2012,Tocantins,24395,17,Total,735205,1,Norte,33.181221564053565
2013,Acre,17075,12,Total,403747,1,Norte,42.29133591085507
2013,Alagoas,52488,27,Total,1568858,2,Nordeste,33.45618277753627
2013,Amapá,15710,16,Total,373140,1,Norte,42.10216004716728
2013,Amazonas,79041,13,Total,1887797,1,Norte,41.869438292358765
2013,Bahia,203342,29,Total,7099427,2,Nordeste,28.64202984269012
2013,Ceará,124876,23,Total,4279734,2,Nordeste,29.178448940985586
2013,Distrito Federal,44530,53,Total,1326427,5,Centro-Oeste,33.57139141468019
2013,Espírito Santo,54065,32,Total,1841035,3,Suldeste,29.36663344260158
2013,Goiás,94822,52,Total,3185879,5,Centro-Oeste,29.76321448491923
2013,Maranhão,115000,21,Total,3380783,2,Nordeste,34.01578865014407
2013,Mato Grosso,53039,51,Total,1643522,5,Centro-Oeste,32.27154854026901
2013,Mato Grosso do Sul,42296,50,Total,1288460,5,Centro-Oeste,32.826785464818464
2013,Minas Gerais,258635,31,Total,10031255,3,Suldeste,25.782915497612212
2013,Paraná,155758,41,Total,5357607,4,Sul,29.072307841915244
2013,Paraíba,56854,25,Total,1882569,2,Nordeste,30.200221080874062
2013,Pará,139416,15,Total,4056010,1,Norte,34.37269631978225
2013,Pernambuco,141453,26,Total,4417669,2,Nordeste,32.0198276511889
2013,Piauí,46419,22,Total,1573273,2,Nordeste,29.504733126418618
2013,Rio Grande do Norte,46798,24,Total,1627967,2,Nordeste,28.746282940624717
2013,Rio Grande do Sul,141350,43,Total,5388825,4,Sul,26.2302078839079
2013,Rio de Janeiro,224031,33,Total,7935688,3,Suldeste,28.230822582742668
2013,Rondônia,27097,11,Total,842425,1,Norte,32.16547467133573
2013,Roraima,10814,14,Total,249023,1,Norte,43.425707665557
2013,Santa Catarina,89875,42,Total,3285585,4,Sul,27.354337203268216
2013,Sergipe,34228,28,Total,1054266,2,Nordeste,32.466189747179556
2013,São Paulo,610896,35,Total,21206883,3,Suldeste,28.80649645683432
2013,Tocantins,24119,17,Total,743446,1,Norte,32.44216795839913
2014,Acre,17139,12,Total,410212,1,Norte,41.78083527541856
2014,Alagoas,51859,27,Total,1574768,2,Nordeste,32.931200024384545
2014,Amapá,16271,16,Total,381800,1,Norte,42.61655316919853
2014,Amazonas,81145,13,Total,1921573,1,Norte,42.22842431695283
2014,Bahia,204034,29,Total,7121489,2,Nordeste,28.650469024104368
2014,Ceará,128681,23,Total,4303775,2,Nordeste,29.899564916846256
2014,Distrito Federal,44721,53,Total,1347128,5,Centro-Oeste,33.19729082908231
2014,Espírito Santo,56548,32,Total,1864376,3,Suldeste,30.330791642887487
2014,Goiás,99798,52,Total,3236445,5,Centro-Oeste,30.835685451166327
2014,Maranhão,117071,21,Total,3396747,2,Nordeste,34.46562255004567
2014,Mato Grosso,56499,51,Total,1664325,5,Centro-Oeste,33.94709566941553
2014,Mato Grosso do Sul,44058,50,Total,1303844,5,Centro-Oeste,33.790852279873974
2014,Minas Gerais,267130,31,Total,10098642,3,Suldeste,26.452071476541104
2014,Paraná,159915,41,Total,5399573,4,Sul,29.61623076491419
2014,Paraíba,57535,25,Total,1891174,2,Nordeste,30.422901330073277
2014,Pará,143503,15,Total,4101424,1,Norte,34.98857957626424
2014,Pernambuco,143489,26,Total,4446434,2,Nordeste,32.27057907527695
2014,Piauí,47941,22,Total,1575158,2,Nordeste,30.43567692891761
2014,Rio Grande do Norte,48111,24,Total,1642156,2,Nordeste,29.297460168217878
2014,Rio Grande do Sul,143315,43,Total,5414110,4,Sul,26.47064799200607
2014,Rio de Janeiro,233584,33,Total,7989111,3,Suldeste,29.23779629548269
2014,Rondônia,27560,11,Total,852003,1,Norte,32.34730394141805
2014,Roraima,11120,14,Total,254398,1,Norte,43.711035464115284
2014,Santa Catarina,93232,42,Total,3330048,4,Sul,27.997194034440344
2014,Sergipe,34369,28,Total,1063835,2,Nordeste,32.306701697161685
2014,São Paulo,625687,35,Total,21407763,3,Suldeste,29.227107942104926
2014,Tocantins,24944,17,Total,751758,1,Norte,33.180890658962056
2015,Acre,16980,12,Total,416747,1,Norte,40.74414452893482
2015,Alagoas,52257,27,Total,1580547,2,Nordeste,33.06260427560838
2015,Amapá,15750,16,Total,390417,1,Norte,40.341481031819825
2015,Amazonas,80097,13,Total,1955183,1,Norte,40.96649776517083
2015,Bahia,206655,29,Total,7144782,2,Nordeste,28.923905585922707
2015,Ceará,132516,23,Total,4329808,2,Nordeste,30.605514147509542
2015,Distrito Federal,46122,53,Total,1368129,5,Centro-Oeste,33.71173332339275
2015,Espírito Santo,56941,32,Total,1887984,3,Suldeste,30.15968355664031
2015,Goiás,100672,52,Total,3287680,5,Centro-Oeste,30.620985010706637
2015,Maranhão,117564,21,Total,3413714,2,Nordeste,34.438737398622145
2015,Mato Grosso,56673,51,Total,1685970,5,Centro-Oeste,33.61447712592751
2015,Mato Grosso do Sul,44142,50,Total,1319520,5,Centro-Oeste,33.45307384503456
2015,Minas Gerais,268305,31,Total,10167615,3,Suldeste,26.388194281549804
2015,Paraná,160947,41,Total,5442208,4,Sul,29.57384208762326
2015,Paraíba,59089,25,Total,1901265,2,Nordeste,31.078781758460813
2015,Pará,143657,15,Total,4146782,1,Norte,34.64300751763657
2015,Pernambuco,145024,26,Total,4476587,2,Nordeste,32.396108910650014
2015,Piauí,49253,22,Total,1577673,2,Nordeste,31.218763330550754
2015,Rio Grande do Norte,49099,24,Total,1656668,2,Nordeste,29.63719948716339
2015,Rio Grande do Sul,148359,43,Total,5440822,4,Sul,27.267754762056175
2015,Rio de Janeiro,236960,33,Total,8045483,3,Suldeste,29.452551201711568
2015,Rondônia,27918,11,Total,861751,1,Norte,32.39682924649928
2015,Roraima,11412,14,Total,260066,1,Norte,43.8811686264256
2015,Santa Catarina,97223,42,Total,3375630,4,Sul,28.801438546286175
2015,Sergipe,34917,28,Total,1073539,2,Nordeste,32.525134159075726
2015,São Paulo,634026,35,Total,21614159,3,Suldeste,29.33382696037352
2015,Tocantins,25110,17,Total,760230,1,Norte,33.02947792115544
2016,Acre,15773,12,Total,422813,1,Norte,37.30490784342014
2016,Alagoas,48164,27,Total,1585689,2,Nordeste,30.37417803869485
2016,Amapá,15521,16,Total,398904,1,Norte,38.909110964041474
2016,Amazonas,76703,13,Total,1986871,1,Norte,38.604922010538175
2016,Bahia,199830,29,Total,7166784,2,Nordeste,27.882799314169368
2016,Ceará,126246,23,Total,4355542,2,Nordeste,28.98514122926607
2016,Distrito Federal,43340,53,Total,1388498,5,Centro-Oeste,31.213584751292405
2016,Espírito Santo,53413,32,Total,1910629,3,Suldeste,27.955715107433207
2016,Goiás,95563,52,Total,3336793,5,Centro-Oeste,28.639175399852494
2016,Maranhão,110493,21,Total,3429686,2,Nordeste,32.2166519034104
2016,Mato Grosso,53531,51,Total,1706243,5,Centro-Oeste,31.373608565720122
2016,Mato Grosso do Sul,42432,50,Total,1334589,5,Centro-Oeste,31.79405794592942
2016,Minas Gerais,253520,31,Total,10231969,3,Suldeste,24.77724473168361
2016,Paraná,155066,41,Total,5482818,4,Sul,28.282171686165764
2016,Paraíba,56083,25,Total,1910681,2,Nordeste,29.352361801891576
2016,Pará,137681,15,Total,4189258,1,Norte,32.86524725858374
2016,Pernambuco,130733,26,Total,4504020,2,Nordeste,29.025848020213054
2016,Piauí,46986,22,Total,1579893,2,Nordeste,29.73998872075514
2016,Rio Grande do Norte,45366,24,Total,1670328,2,Nordeste,27.159935054671898
2016,Rio Grande do Sul,141411,43,Total,5466673,4,Sul,25.86783588482428
2016,Rio de Janeiro,219129,33,Total,8097888,3,Suldeste,27.060018612260382
2016,Rondônia,26602,11,Total,871055,1,Norte,30.539977383747296
2016,Roraima,11376,14,Total,266538,1,Norte,42.68059338630889
2016,Santa Catarina,95313,42,Total,3421008,4,Sul,27.86108655694462
2016,Sergipe,32218,28,Total,1082646,2,Nordeste,29.75857297768615
2016,São Paulo,601437,35,Total,21813699,3,Suldeste,27.571527414951493
2016,Tocantins,23870,17,Total,768086,1,Norte,31.07724916220319
2017,Acre,16358,12,Total,428803,1,Norte,38.148054001487864
2017,Alagoas,50368,27,Total,1590601,2,Nordeste,31.66601806486982
2017,Amapá,15399,16,Total,407218,1,Norte,37.81512605042017
2017,Amazonas,78066,13,Total,2018116,1,Norte,38.68261289242046
2017,Bahia,204096,29,Total,7188569,2,Nordeste,28.39174250118487
2017,Ceará,127797,23,Total,4380484,2,Nordeste,29.174173447500323
2017,Distrito Federal,44568,53,Total,1408492,5,Centro-Oeste,31.64235224623214
2017,Espírito Santo,55846,32,Total,1932993,3,Suldeste,28.890947872030576
2017,Goiás,97520,52,Total,3384729,5,Centro-Oeste,28.811760114325253
2017,Maranhão,112985,21,Total,3445834,2,Nordeste,32.78886910977139
2017,Mato Grosso,57271,51,Total,1726185,5,Centro-Oeste,33.17778801229301
2017,Mato Grosso do Sul,44747,50,Total,1349434,5,Centro-Oeste,33.15982849105625
2017,Minas Gerais,260959,31,Total,10294859,3,Suldeste,25.34847733222961
2017,Paraná,157701,41,Total,5522704,4,Sul,28.555033910924795
2017,Paraíba,57493,25,Total,1919893,2,Nordeste,29.94593969559762
2017,Pará,138684,15,Total,4230858,1,Norte,32.77916677893704
2017,Pernambuco,135932,26,Total,4530529,2,Nordeste,30.003560290641555
2017,Piauí,48551,22,Total,1582045,2,Nordeste,30.688760433489566
2017,Rio Grande do Norte,46222,24,Total,1683393,2,Nordeste,27.457640610362525
2017,Rio Grande do Sul,141568,43,Total,5490567,4,Sul,25.783858024134847
2017,Rio de Janeiro,223224,33,Total,8149121,3,Suldeste,27.39240219896109
2017,Rondônia,27503,11,Total,880360,1,Norte,31.240628833658956
2017,Roraima,11737,14,Total,278190,1,Norte,42.190589165678134
2017,Santa Catarina,98335,42,Total,3465841,4,Sul,28.3726229795308
2017,Sergipe,33867,28,Total,1091585,2,Nordeste,31.02552710050065
2017,São Paulo,611803,35,Total,22006254,3,Suldeste,27.80132411449945
2017,Tocantins,24935,17,Total,775907,1,Norte,32.13658337919364
2018,Acre,16543,12,Total,435044,1,Norte,38.0260387455062
2018,Alagoas,52496,27,Total,1596027,2,Nordeste,32.891674138344776
2018,Amapá,15864,16,Total,415402,1,Norte,38.189512809278725
2018,Amazonas,78087,13,Total,2049916,1,Norte,38.09278038709879
2018,Bahia,205332,29,Total,7211705,2,Nordeste,28.472046485539828
2018,Ceará,131491,23,Total,4406362,2,Nordeste,29.84117056201919
2018,Distrito Federal,44195,53,Total,1428656,5,Centro-Oeste,30.934668667614876
2018,Espírito Santo,56721,32,Total,1955930,3,Suldeste,28.999504072231623
2018,Goiás,98872,52,Total,3433033,5,Centro-Oeste,28.80018922043569
2018,Maranhão,117156,21,Total,3463008,2,Nordeste,33.83070440495661
2018,Mato Grosso,58649,51,Total,1746832,5,Centro-Oeste,33.57449371204558
2018,Mato Grosso do Sul,44275,50,Total,1364494,5,Centro-Oeste,32.44792575123086
2018,Minas Gerais,263640,31,Total,10359652,3,Suldeste,25.448731289429414
2018,Paraná,156201,41,Total,5563258,4,Sul,28.077252573941383
2018,Paraíba,60205,25,Total,1929789,2,Nordeste,31.197711252370077
2018,Pará,141819,15,Total,4273661,1,Norte,33.184428994251064
2018,Pernambuco,138317,26,Total,4559464,2,Nordeste,30.336241277483495
2018,Piauí,49490,22,Total,1584585,2,Nordeste,31.232152266997353
2018,Rio Grande do Norte,48107,24,Total,1696742,2,Nordeste,28.35257216477225
2018,Rio Grande do Sul,140047,43,Total,5514083,4,Sul,25.398058027055452
2018,Rio de Janeiro,220499,33,Total,8203078,3,Suldeste,26.880032105022043
2018,Rondônia,28091,11,Total,889834,1,Norte,31.568809463338106
2018,Roraima,13344,14,Total,295323,1,Norte,45.184425188691705
2018,Santa Catarina,99609,42,Total,3510700,4,Sul,28.372974050759108
2018,Sergipe,34256,28,Total,1100994,2,Nordeste,31.11370270864328
2018,São Paulo,606146,35,Total,22199331,3,Suldeste,27.30469670459889
2018,Tocantins,25480,17,Total,784227,1,Norte,32.49059264728197
2019,Acre,16280,12,Total,441216,1,Norte,36.89802727008993
2019,Alagoas,49803,27,Total,1601326,2,Nordeste,31.10109996340533
2019,Amapá,15356,16,Total,423498,1,Norte,36.259911498991734
2019,Amazonas,77622,13,Total,2081262,1,Norte,37.29564081792682
2019,Bahia,197249,29,Total,7233609,2,Nordeste,27.268407789251533
2019,Ceará,129185,23,Total,4431656,2,Nordeste,29.150502656343363
2019,Distrito Federal,42422,53,Total,1448510,5,Centro-Oeste,29.286646277899358
2019,Espírito Santo,54925,32,Total,1978483,3,Suldeste,27.761168531647733
2019,Goiás,96112,52,Total,3480335,5,Centro-Oeste,27.615732393577055
2019,Maranhão,113317,21,Total,3479859,2,Nordeste,32.563675712148104
2019,Mato Grosso,58852,51,Total,1767091,5,Centro-Oeste,33.30445347749493
2019,Mato Grosso do Sul,43695,50,Total,1379290,5,Centro-Oeste,31.679342270298488
2019,Minas Gerais,256892,31,Total,10422468,3,Suldeste,24.647904891624517
2019,Paraná,153469,41,Total,5602812,4,Sul,27.391424163437932
2019,Paraíba,57701,25,Total,1939480,2,Nordeste,29.750757935116628
2019,Pará,138341,15,Total,4315587,1,Norte,32.056125852636036
2019,Pernambuco,133359,26,Total,4587992,2,Nordeste,29.066964371341538
2019,Piauí,47933,22,Total,1586917,2,Nordeste,30.205108395713197
2019,Rio Grande do Norte,44031,24,Total,1709856,2,Nordeste,25.75129133681433
2019,Rio Grande do Sul,134596,43,Total,5536738,4,Sul,24.30962057442487
2019,Rio de Janeiro,207989,33,Total,8255502,3,Suldeste,25.193985780634538
2019,Rondônia,27028,11,Total,899108,1,Norte,30.060904807876252
2019,Roraima,14620,14,Total,312110,1,Norte,46.84245938931787
2019,Santa Catarina,98032,42,Total,3554814,4,Sul,27.577251580532764
2019,Sergipe,32697,28,Total,1110181,2,Nordeste,29.451954230886674
2019,São Paulo,583191,35,Total,22388135,3,Suldeste,26.049110388158727
2019,Tocantins,24449,17,Total,792423,1,Norte,30.853470936608353
2020,Acre,15142,12,Total,447320,1,Norte,33.850487346865776
2020,Alagoas,48341,27,Total,1606485,2,Nordeste,30.091161759991536
2020,Amapá,14633,16,Total,431494,1,Norte,33.9124066615063
2020,Amazonas,75635,13,Total,2112128,1,Norte,35.8098562208351
2020,Bahia,188960,29,Total,7254202,2,Nordeste,26.04835101090375
2020,Ceará,121904,23,Total,4456282,2,Nordeste,27.355539887287204
2020,Distrito Federal,39361,53,Total,1468025,5,Centro-Oeste,26.812213688458986
2020,Espírito Santo,53767,32,Total,2000614,3,Suldeste,26.87524929846537
2020,Goiás,92768,52,Total,3526580,5,Centro-Oeste,26.305372343743798
2020,Maranhão,106079,21,Total,3496428,2,Nordeste,30.339249085066246
2020,Mato Grosso,57037,51,Total,1786977,5,Centro-Oeste,31.91815003774531
2020,Mato Grosso do Sul,41308,50,Total,1393810,5,Centro-Oeste,29.63675106363134
2020,Minas Gerais,247198,31,Total,10483131,3,Suldeste,23.580550505378593
2020,Paraná,146291,41,Total,5641298,4,Sul,25.932152493982766
2020,Paraíba,56379,25,Total,1948943,2,Nordeste,28.927988145369053
2020,Pará,132938,15,Total,4356651,1,Norte,30.5138052141427
2020,Pernambuco,128481,26,Total,4616046,2,Nordeste,27.833561450644122
2020,Piauí,45229,22,Total,1589035,2,Nordeste,28.463186776880306
2020,Rio Grande do Norte,43531,24,Total,1722717,2,Nordeste,25.26880503297988
2020,Rio Grande do Sul,130742,43,Total,5558470,4,Sul,23.521220767585326
2020,Rio de Janeiro,199124,33,Total,8306271,3,Suldeste,23.972730964352113
2020,Rondônia,25798,11,Total,908169,1,Norte,28.40660714030098
2020,Roraima,13760,14,Total,326495,1,Norte,42.14459639504433
2020,Santa Catarina,97916,42,Total,3598115,4,Sul,27.213137990308816
2020,Sergipe,31784,28,Total,1119139,2,Nordeste,28.400404239330413
2020,São Paulo,552310,35,Total,22572327,3,Suldeste,24.468456442262244
2020,Tocantins,23729,17,Total,800489,1,Norte,29.643130636398503
2021,Acre,15699,12,Total,453359,1,Norte,34.62818649238242
2021,Alagoas,48808,27,Total,1611492,2,Nordeste,30.28746031627833
2021,Amapá,14993,16,Total,439387,1,Norte,34.12253890078678
2021,Amazonas,78454,13,Total,2142533,1,Norte,36.61740565956277
2021,Bahia,185459,29,Total,7273381,2,Nordeste,25.498320519714284
2021,Ceará,120266,23,Total,4480171,2,Nordeste,26.84406465735348
2021,Distrito Federal,38035,53,Total,1487195,5,Centro-Oeste,25.574991847067803
2021,Espírito Santo,52493,32,Total,2022280,3,Suldeste,25.957335284925925
2021,Goiás,90961,52,Total,3571715,5,Centro-Oeste,25.467037543589004
2021,Maranhão,108667,21,Total,3512693,2,Nordeste,30.935524396808944
2021,Mato Grosso,57841,51,Total,1806477,5,Centro-Oeste,32.01867502326351
2021,Mato Grosso do Sul,42173,50,Total,1408025,5,Centro-Oeste,29.95188295662364
2021,Minas Gerais,242136,31,Total,10541449,3,Suldeste,22.969897212423074
2021,Paraná,141976,41,Total,5678670,4,Sul,25.001628902542322
2021,Paraíba,56049,25,Total,1958161,2,Nordeste,28.62328480650978
2021,Pará,137129,15,Total,4396853,1,Norte,31.187988318008358
2021,Pernambuco,126211,26,Total,4643549,2,Nordeste,27.179857475392204
2021,Piauí,45978,22,Total,1590949,2,Nordeste,28.89973217243293
2021,Rio Grande do Norte,43430,24,Total,1735303,2,Nordeste,25.02732952112686
2021,Rio Grande do Sul,124446,43,Total,5579188,4,Sul,22.305396412524548
2021,Rio de Janeiro,189866,33,Total,8355190,3,Suldeste,22.724318657026352
2021,Rondônia,25439,11,Total,917011,1,Norte,27.741215754227593
2021,Roraima,13901,14,Total,338422,1,Norte,41.07593477965381
2021,Santa Catarina,96499,42,Total,3640518,4,Sul,26.506942143947647
2021,Sergipe,31206,28,Total,1127867,2,Nordeste,27.668155908453745
2021,São Paulo,525239,35,Total,22751542,3,Suldeste,23.08586380650595
2021,Tocantins,23747,17,Total,808419,1,Norte,29.37461885482652
